{
  "artifact_metadata_rows": 101,
  "compact_rows": 1151,
  "counterexample_rows": 20,
  "gaussian_noise_0_04": {
    "mean_final_error": 0.03195509912549535,
    "mean_final_error_sem": 0.0030525313277890128,
    "mechanism_accuracy": 0.828,
    "mechanism_accuracy_sem": 0.0077807321241348,
    "noise_level": "0.04",
    "noise_type": "gaussian",
    "success_rate": 0.9614117647058824,
    "success_rate_sem": 0.0033771059045664188
  },
  "main": {
    "gain_only_sysid": {
      "mean_final_error": 0.05463723092632869,
      "mean_final_error_sem": 0.0013393460738927662,
      "mean_regret": 0.07835752219651669,
      "mean_regret_sem": 0.0013121748131807091,
      "method": "gain_only_sysid",
      "repair_accuracy": 0.2459259259259259,
      "repair_accuracy_sem": 0.005500966369772834,
      "success_rate": 0.9122222222222223,
      "success_rate_sem": 0.0025010285949828375
    },
    "mechanism_first": {
      "mean_final_error": 0.001777324172425744,
      "mean_final_error_sem": 3.334751941615661e-05,
      "mean_regret": 0.0,
      "mean_regret_sem": 0.0,
      "mechanism_accuracy": 1.0,
      "mechanism_accuracy_sem": 0.0,
      "method": "mechanism_first",
      "repair_accuracy": 1.0,
      "repair_accuracy_sem": 0.0,
      "success_rate": 1.0,
      "success_rate_sem": 0.0
    },
    "mechanism_oracle": {
      "mean_final_error": 0.001777324172425744,
      "mean_final_error_sem": 3.334751941615661e-05,
      "mean_regret": 0.0,
      "mean_regret_sem": 0.0,
      "mechanism_accuracy": 1.0,
      "mechanism_accuracy_sem": 0.0,
      "method": "mechanism_oracle",
      "repair_accuracy": 1.0,
      "repair_accuracy_sem": 0.0,
      "success_rate": 1.0,
      "success_rate_sem": 0.0
    },
    "nominal_no_adaptation": {
      "mean_final_error": 0.09453615627908661,
      "mean_final_error_sem": 0.0011231366368085825,
      "mean_regret": 0.10299515428541313,
      "mean_regret_sem": 0.001135208674661727,
      "method": "nominal_no_adaptation",
      "repair_accuracy": 0.0,
      "repair_accuracy_sem": 0.0,
      "success_rate": 0.6616666666666666,
      "success_rate_sem": 0.004711862274147551
    },
    "nuisance_nearest_neighbor": {
      "mean_final_error": 0.10136311886652465,
      "mean_final_error_sem": 0.003675460978126145,
      "mean_regret": 0.11478359885628275,
      "mean_regret_sem": 0.00392643047220455,
      "mechanism_accuracy": 0.2937037037037037,
      "mechanism_accuracy_sem": 0.009470190035798066,
      "method": "nuisance_nearest_neighbor",
      "repair_accuracy": 0.2937037037037037,
      "repair_accuracy_sem": 0.009470190035798066,
      "success_rate": 0.7516666666666666,
      "success_rate_sem": 0.005105874934596082
    },
    "oracle_best_repair": {
      "mean_final_error": 0.001777324172425744,
      "mean_final_error_sem": 3.334751941615661e-05,
      "mean_regret": 0.0,
      "mean_regret_sem": 0.0,
      "method": "oracle_best_repair",
      "repair_accuracy": 1.0,
      "repair_accuracy_sem": 0.0,
      "success_rate": 1.0,
      "success_rate_sem": 0.0
    },
    "passive_stat_coarse": {
      "mean_final_error": 0.007260931678883452,
      "mean_final_error_sem": 0.00012000737423125761,
      "mean_regret": 0.010845684750531694,
      "mean_regret_sem": 0.0002201212833719402,
      "method": "passive_stat_coarse",
      "repair_accuracy": 0.5061111111111111,
      "repair_accuracy_sem": 0.0070608758010737745,
      "success_rate": 1.0,
      "success_rate_sem": 0.0
    },
    "passive_stat_fine": {
      "mean_final_error": 0.00255388895444528,
      "mean_final_error_sem": 0.00015117467582737484,
      "mean_regret": 0.0014003928536472294,
      "mean_regret_sem": 0.00017800024471217814,
      "method": "passive_stat_fine",
      "repair_accuracy": 0.9001851851851851,
      "repair_accuracy_sem": 0.007378183091648097,
      "success_rate": 0.9990740740740741,
      "success_rate_sem": 0.000726719143346248
    },
    "passive_stat_medium": {
      "mean_final_error": 0.0017839454652193202,
      "mean_final_error_sem": 3.99062136787035e-05,
      "mean_regret": 0.0006621248590848216,
      "mean_regret_sem": 3.917930395220048e-05,
      "method": "passive_stat_medium",
      "repair_accuracy": 0.8370370370370369,
      "repair_accuracy_sem": 0.005105203241514909,
      "success_rate": 1.0,
      "success_rate_sem": 0.0
    },
    "passive_vector_nn": {
      "mean_final_error": 0.001777324172425744,
      "mean_final_error_sem": 3.334751941615661e-05,
      "mean_regret": 0.0,
      "mean_regret_sem": 0.0,
      "mechanism_accuracy": 1.0,
      "mechanism_accuracy_sem": 0.0,
      "method": "passive_vector_nn",
      "repair_accuracy": 1.0,
      "repair_accuracy_sem": 0.0,
      "success_rate": 1.0,
      "success_rate_sem": 0.0
    },
    "probe_nearest_neighbor": {
      "mean_final_error": 0.001777324172425744,
      "mean_final_error_sem": 3.334751941615661e-05,
      "mean_regret": 0.0,
      "mean_regret_sem": 0.0,
      "mechanism_accuracy": 1.0,
      "mechanism_accuracy_sem": 0.0,
      "method": "probe_nearest_neighbor",
      "repair_accuracy": 1.0,
      "repair_accuracy_sem": 0.0,
      "success_rate": 1.0,
      "success_rate_sem": 0.0
    },
    "random_repair": {
      "mean_final_error": 0.0972311526738026,
      "mean_final_error_sem": 0.002684299000953832,
      "mean_regret": 0.11043294355132509,
      "mean_regret_sem": 0.003079509996385505,
      "method": "random_repair",
      "repair_accuracy": 0.20555555555555557,
      "repair_accuracy_sem": 0.0052115730664704756,
      "success_rate": 0.7283333333333332,
      "success_rate_sem": 0.005501589744058906
    },
    "single_robust_repair": {
      "mean_final_error": 0.021316281926276385,
      "mean_final_error_sem": 0.0004035131089382964,
      "mean_regret": 0.021014032805662483,
      "mean_regret_sem": 0.0003878269947485419,
      "method": "single_robust_repair",
      "repair_accuracy": 0.2587037037037037,
      "repair_accuracy_sem": 0.004700202838339677,
      "success_rate": 0.93,
      "success_rate_sem": 0.004834716702838734
    }
  },
  "method_domain_evaluations": 756750
}
